{
    "UUID": 15452605691319723735,
    "Tag": "Player",
    "Transform": {
        "Position": [
            -0.26926,
            -0.31975,
            0.1
        ],
        "Rotation": 0.0,
        "Scale": [
            3.75,
            2.5
        ]
    },
    "Sprite": {
        "Texture": "player-sheet.png",
        "FilterMode": 0,
        "Flip": [
            false,
            false
        ],
        "TilePos": [
            0,
            0
        ],
        "TileSize": [
            1,
            1
        ],
        "Color": [
            1.0,
            1.0,
            1.0,
            1.0
        ]
    },
    "Rigidbody": {
        "Type": 2,
        "FixedRotation": true
    },
    "BoxCollider": {
        "Size": [
            0.09000000357627869,
            0.44999998807907104
        ],
        "Offset": [
            -0.05999999865889549,
            -0.6299999952316284
        ],
        "Friction": 0.0,
        "Restitution": 0.0,
        "RestitutionThreshold": 0.5,
        "Density": 5.0,
        "IsSensor": false
    },
    "Camera": {
        "ZoomLevel": 1.5,
        "PositionOffset": [
            0.0,
            1.7999999523162842
        ]
    },
    "Scripts": [
        {
            "ClassName": "PlayerScript",
            "Fields": [
                {
                    "FieldName": "JumpForce",
                    "Value": 32.0
                },
                {
                    "FieldName": "PlayerSpeed",
                    "Value": 5.0
                }
            ]
        }
    ],
    "Entities": [
        {
            "UUID": 10538513902662413536,
            "Tag": "FootSensor",
            "Transform": {
                "Position": [
                    0.0,
                    0.0,
                    -0.4
                ],
                "Rotation": 0.0,
                "Scale": [
                    1.0,
                    1.0
                ]
            },
            "BoxCollider": {
                "Size": [
                    0.2800000011920929,
                    0.11999999731779099
                ],
                "Offset": [
                    -0.05999999865889549,
                    -1.1799999475479126
                ],
                "Friction": 0.5,
                "Restitution": 0.0,
                "RestitutionThreshold": 0.5,
                "Density": 0.5,
                "IsSensor": true
            }
        }
    ]
}